{
  "timestamp": "2025-03-29T10:15:23.815Z",
  "totalPoints": 70,
  "totalTime": 5469,
  "totalDistance": 187,
  "averageSpeed": 34.19272261839458,
  "yVariation": {
    "max": 501,
    "min": 497,
    "range": 4,
    "std": 0.9715336077668182
  },
  "speedDistribution": [
    0,
    0,
    0,
    0,
    0,
    0,
    0,
    0,
    29,
    0,
    0,
    0,
    29,
    0,
    29,
    0,
    29,
    0,
    29,
    29,
    29,
    29,
    57,
    59,
    29,
    88,
    57,
    88,
    59,
    114,
    86,
    118,
    111,
    121,
    143,
    118,
    147,
    943,
    86,
    121,
    86,
    86,
    86,
    57,
    59,
    61,
    59,
    30,
    59,
    29,
    29,
    0,
    29,
    0,
    29,
    0,
    0,
    29,
    0,
    0,
    0,
    0,
    0,
    0,
    0,
    943,
    868,
    0,
    0
  ],
  "accelerationDistribution": [
    0,
    0,
    0,
    0,
    0,
    0,
    0,
    865,
    -817,
    0,
    0,
    865,
    -840,
    816,
    -840,
    816,
    -840,
    816,
    0,
    25,
    -24,
    816,
    49,
    -864,
    1755,
    -888,
    914,
    -865,
    1585,
    -816,
    939,
    -182,
    306,
    618,
    -741,
    865,
    22737,
    -24490,
    1076,
    -1014,
    0,
    0,
    -816,
    49,
    54,
    -52,
    -864,
    839,
    -865,
    -24,
    -816,
    865,
    -865,
    816,
    -840,
    0,
    865,
    -840,
    0,
    0,
    0,
    0,
    0,
    0,
    26939,
    -1959,
    -24123,
    0
  ],
  "pauses": 1,
  "pauseDurations": [
    2614
  ],
  "backwardsCount": 0
}