{
  "timestamp": "2025-03-29T11:07:17.401Z",
  "totalPoints": 80,
  "totalTime": 5986,
  "totalDistance": 87,
  "averageSpeed": 14.533912462412296,
  "yVariation": {
    "max": 538,
    "min": 536,
    "range": 2,
    "std": 0.6538348415311013
  },
  "speedDistribution": [
    0,
    0,
    0,
    0,
    0,
    0,
    0,
    20,
    0,
    0,
    0,
    0,
    0,
    0,
    0,
    20,
    0,
    0,
    0,
    20,
    0,
    0,
    20,
    0,
    20,
    0,
    30,
    20,
    29,
    20,
    20,
    20,
    19,
    21,
    40,
    20,
    59,
    20,
    59,
    41,
    20,
    59,
    300,
    59,
    20,
    20,
    20,
    20,
    20,
    19,
    20,
    20,
    20,
    0,
    29,
    0,
    20,
    0,
    0,
    30,
    0,
    0,
    0,
    29,
    0,
    0,
    0,
    0,
    0,
    0,
    0,
    0,
    0,
    212,
    270,
    217,
    0,
    0,
    0
  ],
  "accelerationDistribution": [
    0,
    0,
    0,
    0,
    0,
    0,
    400,
    -400,
    0,
    0,
    0,
    0,
    0,
    0,
    384,
    -392,
    0,
    0,
    400,
    -400,
    0,
    384,
    -400,
    400,
    -588,
    918,
    -206,
    277,
    -188,
    8,
    -16,
    -14,
    51,
    374,
    -400,
    1142,
    -784,
    1130,
    -367,
    -416,
    1130,
    4824,
    -7093,
    -769,
    16,
    0,
    -16,
    16,
    -23,
    15,
    8,
    -8,
    -408,
    865,
    -588,
    384,
    -594,
    0,
    918,
    -918,
    0,
    0,
    865,
    -577,
    0,
    0,
    0,
    0,
    0,
    0,
    0,
    0,
    4068,
    1587,
    -1150,
    -4348,
    0,
    0
  ],
  "pauses": 1,
  "pauseDurations": [
    2153
  ],
  "backwardsCount": 0
}