{
  "timestamp": "2025-03-29T11:09:43.981Z",
  "totalPoints": 77,
  "totalTime": 5574,
  "totalDistance": 108,
  "averageSpeed": 19.3756727664155,
  "yVariation": {
    "max": 534,
    "min": 531,
    "range": 3,
    "std": 0.7460470969529913
  },
  "speedDistribution": [
    0,
    0,
    12,
    0,
    0,
    0,
    0,
    0,
    0,
    26,
    0,
    0,
    34,
    0,
    0,
    31,
    30,
    0,
    24,
    34,
    28,
    36,
    33,
    48,
    36,
    51,
    69,
    54,
    67,
    51,
    71,
    83,
    67,
    51,
    655,
    54,
    34,
    53,
    34,
    54,
    33,
    27,
    33,
    26,
    31,
    29,
    37,
    0,
    33,
    0,
    34,
    0,
    0,
    26,
    0,
    0,
    0,
    0,
    34,
    0,
    0,
    0,
    0,
    0,
    0,
    0,
    0,
    0,
    0,
    0,
    345,
    237,
    345,
    237,
    0,
    0
  ],
  "accelerationDistribution": [
    0,
    145,
    -309,
    0,
    0,
    0,
    0,
    0,
    693,
    -877,
    0,
    1189,
    -1112,
    0,
    977,
    -29,
    -1082,
    595,
    348,
    -186,
    283,
    -79,
    340,
    -425,
    399,
    610,
    -403,
    420,
    -394,
    720,
    331,
    -556,
    -394,
    20824,
    -16246,
    -675,
    478,
    -626,
    529,
    -691,
    -170,
    210,
    -185,
    154,
    -54,
    282,
    -926,
    1111,
    -901,
    1189,
    -932,
    0,
    693,
    -907,
    0,
    0,
    0,
    1189,
    -932,
    0,
    0,
    0,
    0,
    0,
    0,
    0,
    0,
    0,
    0,
    11891,
    -2842,
    3724,
    -2842,
    -8167,
    0
  ],
  "pauses": 1,
  "pauseDurations": [
    2702
  ],
  "backwardsCount": 0
}