{
  "timestamp": "2025-03-29T11:12:42.978Z",
  "totalPoints": 70,
  "totalTime": 5321,
  "totalDistance": 188,
  "averageSpeed": 35.33170456681075,
  "yVariation": {
    "max": 545,
    "min": 541,
    "range": 4,
    "std": 1.0648368659190983
  },
  "speedDistribution": [
    0,
    0,
    0,
    0,
    0,
    28,
    0,
    0,
    0,
    0,
    31,
    0,
    0,
    32,
    0,
    30,
    0,
    31,
    32,
    56,
    32,
    57,
    65,
    56,
    97,
    83,
    97,
    129,
    103,
    125,
    167,
    161,
    125,
    161,
    1065,
    79,
    97,
    103,
    77,
    97,
    56,
    65,
    57,
    65,
    56,
    32,
    28,
    32,
    28,
    34,
    0,
    32,
    0,
    0,
    29,
    0,
    0,
    0,
    29,
    0,
    0,
    0,
    432,
    548,
    271,
    127,
    0,
    0,
    0
  ],
  "accelerationDistribution": [
    0,
    0,
    0,
    0,
    772,
    -896,
    0,
    0,
    0,
    977,
    -822,
    0,
    1041,
    -922,
    918,
    -866,
    977,
    33,
    647,
    -752,
    711,
    238,
    -249,
    1330,
    -373,
    434,
    1041,
    -679,
    701,
    1389,
    -173,
    -907,
    1171,
    29136,
    -25936,
    575,
    230,
    -680,
    640,
    -1145,
    289,
    -211,
    238,
    -249,
    -752,
    -124,
    145,
    -124,
    231,
    -932,
    1041,
    -896,
    0,
    816,
    -893,
    0,
    0,
    816,
    -922,
    0,
    0,
    11687,
    3740,
    -4698,
    -1077,
    -887,
    0,
    0
  ],
  "pauses": 2,
  "pauseDurations": [
    2478,
    222
  ],
  "backwardsCount": 0
}